fdate,fan_likes,person
2016-01-01,5367.0,손학규
2016-01-02,5374.0,손학규
2016-01-03,5377.0,손학규
2016-01-04,5382.0,손학규
2016-01-05,5389.0,손학규
2016-01-06,5394.0,손학규
2016-01-07,5401.0,손학규
2016-01-08,5409.0,손학규
2016-01-09,5412.0,손학규
2016-01-10,5417.0,손학규
2016-01-11,5423.0,손학규
2016-01-12,5430.0,손학규
2016-01-13,5434.0,손학규
2016-01-14,5440.0,손학규
2016-01-15,5445.0,손학규
2016-01-16,5445.0,손학규
2016-01-17,5443.0,손학규
2016-01-18,5455.0,손학규
2016-01-19,5453.0,손학규
2016-01-20,5458.0,손학규
2016-01-21,5469.0,손학규
2016-01-22,5476.0,손학규
2016-01-23,5482.0,손학규
2016-01-24,5485.0,손학규
2016-01-25,5487.0,손학규
2016-01-26,5490.0,손학규
2016-01-27,5495.0,손학규
2016-01-28,5501.0,손학규
2016-01-29,5504.0,손학규
2016-01-30,5503.0,손학규
2016-01-31,5503.0,손학규
2016-02-01,5505.0,손학규
2016-02-02,5506.0,손학규
2016-02-03,5506.0,손학규
2016-02-04,5505.0,손학규
2016-02-05,5505.0,손학규
2016-02-06,5513.0,손학규
2016-02-07,5519.0,손학규
2016-02-08,5525.0,손학규
2016-02-09,5526.0,손학규
2016-02-10,5530.0,손학규
2016-02-11,5529.0,손학규
2016-02-12,5532.0,손학규
2016-02-13,5540.0,손학규
2016-02-14,5540.0,손학규
2016-02-15,5540.0,손학규
2016-02-16,5540.0,손학규
2016-02-17,5540.0,손학규
2016-02-18,5537.0,손학규
2016-02-19,5541.0,손학규
2016-02-20,5543.0,손학규
2016-02-21,5544.0,손학규
2016-02-22,5543.0,손학규
2016-02-23,5544.0,손학규
2016-02-24,5544.0,손학규
2016-02-25,5546.0,손학규
2016-02-26,5547.0,손학규
2016-02-27,5550.0,손학규
2016-02-28,5550.0,손학규
2016-02-29,5551.0,손학규
2016-03-01,5550.0,손학규
2016-03-02,5549.0,손학규
2016-03-03,5548.0,손학규
2016-03-04,5548.0,손학규
2016-03-05,5549.0,손학규
2016-03-06,5548.0,손학규
2016-03-07,5548.0,손학규
2016-03-08,5548.0,손학규
2016-03-09,5547.0,손학규
2016-03-10,5547.0,손학규
2016-03-11,5547.0,손학규
2016-03-12,5550.0,손학규
2016-03-13,5551.0,손학규
2016-03-14,5551.0,손학규
2016-03-15,5551.0,손학규
2016-03-16,5549.0,손학규
2016-03-17,5551.0,손학규
2016-03-18,5550.0,손학규
2016-03-19,5548.0,손학규
2016-03-20,5547.0,손학규
2016-03-21,5547.0,손학규
2016-03-22,5549.0,손학규
2016-03-23,5549.0,손학규
2016-03-24,5549.0,손학규
2016-03-25,5551.0,손학규
2016-03-26,5550.0,손학규
2016-03-27,5548.0,손학규
2016-03-28,5550.0,손학규
2016-03-29,5548.0,손학규
2016-03-30,5548.0,손학규
2016-04-01,5553.0,손학규
2016-04-02,5554.0,손학규
2016-04-03,5553.0,손학규
2016-04-04,5550.0,손학규
2016-04-05,5551.0,손학규
2016-04-06,5552.0,손학규
2016-04-07,5553.0,손학규
2016-04-08,5556.0,손학규
2016-04-09,5559.0,손학규
2016-04-10,5557.0,손학규
2016-04-11,5557.0,손학규
2016-04-12,5557.0,손학규
2016-04-13,5556.0,손학규
2016-04-14,5560.0,손학규
2016-04-15,5561.0,손학규
2016-04-16,5563.0,손학규
2016-04-17,5565.0,손학규
2016-04-18,5566.0,손학규
2016-04-19,5567.0,손학규
2016-04-20,5569.0,손학규
2016-04-21,5568.0,손학규
2016-04-22,5569.0,손학규
2016-04-23,5571.0,손학규
2016-04-24,5571.0,손학규
2016-04-25,5571.0,손학규
2016-04-26,5573.0,손학규
2016-04-27,5572.0,손학규
2016-04-28,5572.0,손학규
2016-04-29,5572.0,손학규
2016-04-30,5572.0,손학규
2016-05-01,5574.0,손학규
2016-05-02,5575.0,손학규
2016-05-03,5574.0,손학규
2016-05-04,5574.0,손학규
2016-05-05,5575.0,손학규
2016-05-06,5576.0,손학규
2016-05-07,5575.0,손학규
2016-05-08,5575.0,손학규
2016-05-09,5578.0,손학규
2016-05-10,5577.0,손학규
2016-05-11,5577.0,손학규
2016-05-12,5580.0,손학규
2016-05-13,5579.0,손학규
2016-05-14,5576.0,손학규
2016-05-15,5577.0,손학규
2016-05-16,5579.0,손학규
2016-05-17,5580.0,손학규
2016-05-18,5580.0,손학규
2016-05-19,5581.0,손학규
2016-05-20,5582.0,손학규
2016-05-21,5586.0,손학규
2016-05-22,5585.0,손학규
2016-05-23,5587.0,손학규
2016-05-24,5590.0,손학규
2016-05-25,5590.0,손학규
2016-05-26,5588.0,손학규
2016-05-27,5589.0,손학규
2016-05-28,5589.0,손학규
2016-05-29,5592.0,손학규
2016-05-30,5590.0,손학규
2016-05-31,5589.0,손학규
2016-06-01,5588.0,손학규
2016-06-02,5588.0,손학규
2016-06-03,5589.0,손학규
2016-06-04,5591.0,손학규
2016-06-05,5592.0,손학규
2016-06-06,5595.0,손학규
2016-06-07,5598.0,손학규
2016-06-08,5599.0,손학규
2016-06-09,5600.0,손학규
2016-06-10,5603.0,손학규
2016-06-11,5604.0,손학규
2016-06-12,5601.0,손학규
2016-06-13,5602.0,손학규
2016-06-14,5606.0,손학규
2016-06-15,5604.0,손학규
2016-06-16,5606.0,손학규
2016-06-17,5606.0,손학규
2016-06-18,5606.0,손학규
2016-06-19,5606.0,손학규
2016-06-20,5608.0,손학규
2016-06-21,5609.0,손학규
2016-06-22,5610.0,손학규
2016-06-23,5612.0,손학규
2016-06-24,5613.0,손학규
2016-06-25,5613.0,손학규
2016-06-26,5612.0,손학규
2016-06-27,5613.0,손학규
2016-06-28,5613.0,손학규
2016-06-29,5613.0,손학규
2016-06-30,5615.0,손학규
2016-07-01,5620.0,손학규
2016-07-02,5617.0,손학규
2016-07-03,5617.0,손학규
2016-07-04,5619.0,손학규
2016-07-05,5619.0,손학규
2016-07-06,5620.0,손학규
2016-07-07,5619.0,손학규
2016-07-08,5618.0,손학규
2016-07-09,5620.0,손학규
2016-07-10,5620.0,손학규
2016-07-11,5623.0,손학규
2016-07-12,5622.0,손학규
2016-07-13,5622.0,손학규
2016-07-14,5623.0,손학규
2016-07-15,5623.0,손학규
2016-07-16,5623.0,손학규
2016-07-17,5625.0,손학규
2016-07-18,5627.0,손학규
2016-07-19,5629.0,손학규
2016-07-20,5630.0,손학규
2016-07-21,5630.0,손학규
2016-07-22,5632.0,손학규
2016-07-23,5633.0,손학규
2016-07-24,5634.0,손학규
2016-07-25,5635.0,손학규
2016-07-26,5635.0,손학규
2016-07-27,5635.0,손학규
2016-07-28,5636.0,손학규
2016-07-29,5635.0,손학규
2016-07-30,5637.0,손학규
2016-07-31,5641.0,손학규
2016-08-01,5643.0,손학규
2016-08-02,5645.0,손학규
2016-08-03,5646.0,손학규
2016-08-04,5646.0,손학규
2016-08-05,5645.0,손학규
2016-08-06,5643.0,손학규
2016-08-07,5644.0,손학규
2016-08-08,5644.0,손학규
2016-08-09,5646.0,손학규
2016-08-10,5645.0,손학규
2016-08-11,5646.0,손학규
2016-08-12,5645.0,손학규
2016-08-13,5647.0,손학규
2016-08-14,5646.0,손학규
2016-08-15,5648.0,손학규
2016-08-16,5647.0,손학규
2016-08-17,5649.0,손학규
2016-08-18,5650.0,손학규
2016-08-19,5646.0,손학규
2016-08-20,5645.0,손학규
2016-08-21,5645.0,손학규
2016-08-22,5651.0,손학규
2016-08-23,5654.0,손학규
2016-08-24,5654.0,손학규
2016-08-25,5656.0,손학규
2016-08-26,5656.0,손학규
2016-08-27,5659.0,손학규
2016-08-28,5660.0,손학규
2016-08-29,5662.0,손학규
2016-08-30,5662.0,손학규
2016-08-31,5665.0,손학규
2016-09-01,5664.0,손학규
2016-09-02,5665.0,손학규
2016-09-03,5671.0,손학규
2016-09-04,5673.0,손학규
2016-09-05,5679.0,손학규
2016-09-06,5683.0,손학규
2016-09-07,5682.0,손학규
2016-09-08,5687.0,손학규
2016-09-09,5685.0,손학규
2016-09-10,5685.0,손학규
2016-09-11,5685.0,손학규
2016-09-12,5684.0,손학규
2016-09-13,5686.0,손학규
2016-09-14,5689.0,손학규
2016-09-15,5687.0,손학규
2016-09-16,5688.0,손학규
2016-09-17,5688.0,손학규
2016-09-18,5687.0,손학규
2016-09-19,5688.0,손학규
2016-09-20,5692.0,손학규
2016-09-21,5697.0,손학규
2016-09-22,5701.0,손학규
2016-09-23,5702.0,손학규
2016-09-24,5703.0,손학규
2016-09-25,5703.0,손학규
2016-09-26,5702.0,손학규
2016-09-27,5704.0,손학규
2016-09-28,5704.0,손학규
2016-09-29,5709.0,손학규
2016-09-30,5709.0,손학규
2016-10-01,5710.0,손학규
2016-10-02,5708.0,손학규
2016-10-03,5707.0,손학규
2016-10-04,5709.0,손학규
2016-10-05,5710.0,손학규
2016-10-06,5709.0,손학규
2016-10-07,5712.0,손학규
2016-10-08,5712.0,손학규
2016-10-09,5712.0,손학규
2016-10-10,5712.0,손학규
2016-10-11,5714.0,손학규
2016-10-12,5718.0,손학규
2016-10-13,5721.0,손학규
2016-10-14,5722.0,손학규
2016-10-15,5723.0,손학규
2016-10-16,5727.0,손학규
2016-10-17,5730.0,손학규
2016-10-18,5728.0,손학규
2016-10-19,5727.0,손학규
2016-10-20,5737.0,손학규
2016-10-21,5761.0,손학규
2016-10-22,5768.0,손학규
2016-10-23,5769.0,손학규
2016-10-24,5767.0,손학규
2016-10-25,5801.0,손학규
2016-10-26,5838.0,손학규
2016-10-27,5850.0,손학규
2016-10-28,5852.0,손학규
2016-10-29,5857.0,손학규
2016-10-30,5883.0,손학규
2016-10-31,5905.0,손학규
2016-11-01,5929.0,손학규
2016-11-02,5972.0,손학규
2016-11-03,5978.0,손학규
2016-11-04,5984.0,손학규
2016-11-05,5988.0,손학규
2016-11-06,5992.0,손학규
2016-11-07,6e3,손학규
2016-11-08,6007.0,손학규
2016-11-09,6011.0,손학규
2016-11-10,6018.0,손학규
2016-11-11,6024.0,손학규
2016-11-12,6036.0,손학규
2016-11-13,6045.0,손학규
2016-11-14,6045.0,손학규
2016-11-15,6045.0,손학규
2016-11-16,6054.0,손학규
2016-11-17,6064.0,손학규
2016-11-18,6065.0,손학규
2016-11-19,6067.0,손학규
2016-11-20,6073.0,손학규
2016-11-21,6083.0,손학규
2016-11-22,6090.0,손학규
2016-11-23,6094.0,손학규
2016-11-24,6099.0,손학규
2016-11-25,6100.0,손학규
2016-11-26,6109.0,손학규
2016-11-27,6110.0,손학규
2016-11-28,6118.0,손학규
2016-11-29,6124.0,손학규
2016-11-30,6127.0,손학규
2016-12-01,6126.0,손학규
2016-12-02,6128.0,손학규
2016-12-03,6136.0,손학규
2016-12-04,6132.0,손학규
2016-12-05,6137.0,손학규
2016-12-06,6136.0,손학규
2016-12-07,6140.0,손학규
2016-12-08,6140.0,손학규
2016-12-09,6144.0,손학규
2016-12-10,6098.0,손학규
2016-12-11,6145.0,손학규
2016-12-12,6154.0,손학규
2016-12-13,6155.0,손학규
2016-12-14,6166.0,손학규
2016-12-15,6170.0,손학규
2016-12-16,6171.0,손학규
2016-12-17,6182.0,손학규
2016-12-18,6185.0,손학규
2016-12-19,6191.0,손학규
2016-12-20,6201.0,손학규
2016-12-21,6207.0,손학규
2016-12-22,6216.0,손학규
2016-12-23,6220.0,손학규
2016-12-24,6230.0,손학규
2016-12-25,6234.0,손학규
2016-12-26,6236.0,손학규
2016-12-27,6241.0,손학규
2016-12-28,6243.0,손학규
2016-12-29,6254.0,손학규
2016-12-30,6257.0,손학규
2017-01-01,6272.0,손학규
2017-01-02,6279.0,손학규
2017-01-03,6280.0,손학규
2017-01-04,6293.0,손학규
2017-01-05,6299.0,손학규
2017-01-06,6308.0,손학규
2017-01-07,6316.0,손학규
2017-01-08,6321.0,손학규
2017-01-09,6330.0,손학규
2017-01-10,6341.0,손학규
2017-01-11,6344.0,손학규
2017-01-12,6348.0,손학규
2017-01-13,6353.0,손학규
2017-01-14,6363.0,손학규
2017-01-15,6365.0,손학규
2017-01-16,6363.0,손학규
2017-01-17,6363.0,손학규
2017-01-18,6367.0,손학규
2017-01-19,6389.0,손학규
2017-01-20,6405.0,손학규
2017-01-21,6410.0,손학규
2017-01-22,6415.0,손학규
2017-01-23,6420.0,손학규
2017-01-24,6431.0,손학규
2017-01-25,6446.0,손학규
2017-01-26,6464.0,손학규
2017-01-27,6482.0,손학규
2017-01-28,6502.0,손학규
2017-01-29,6513.0,손학규
2017-01-30,6519.0,손학규
2017-01-31,6528.0,손학규
2017-02-01,6542.0,손학규
2017-02-02,6554.0,손학규
2017-02-03,6565.0,손학규
2017-02-04,6576.0,손학규
2017-02-05,6584.0,손학규
2017-02-06,6588.0,손학규
2017-02-07,6602.0,손학규
2017-02-08,6610.0,손학규
2017-02-09,6620.0,손학규
2017-02-10,6626.0,손학규
2017-02-11,6626.0,손학규
2017-02-12,6630.0,손학규
2017-02-13,6638.0,손학규
2017-02-14,6641.0,손학규
2017-02-15,6647.0,손학규
2017-02-16,6648.0,손학규
2017-02-17,6652.0,손학규
2017-02-18,6659.0,손학규
2017-02-19,6662.0,손학규
2017-02-20,6664.0,손학규
2017-02-21,6677.0,손학규
2017-02-22,6760.0,손학규
2017-02-23,6839.0,손학규
2017-02-24,6926.0,손학규
2016-01-01,89421.0,안철수
2016-01-02,89411.0,안철수
2016-01-03,89483.0,안철수
2016-01-04,89542.0,안철수
2016-01-05,89589.0,안철수
2016-01-06,89615.0,안철수
2016-01-07,89626.0,안철수
2016-01-08,89689.0,안철수
2016-01-09,89721.0,안철수
2016-01-10,89744.0,안철수
2016-01-11,89758.0,안철수
2016-01-12,89713.0,안철수
2016-01-13,89700.0,안철수
2016-01-14,89733.0,안철수
2016-01-15,89736.0,안철수
2016-01-16,89707.0,안철수
2016-01-17,89628.0,안철수
2016-01-18,89720.0,안철수
2016-01-19,89634.0,안철수
2016-01-20,89648.0,안철수
2016-01-21,89655.0,안철수
2016-01-22,89671.0,안철수
2016-01-23,89668.0,안철수
2016-01-24,89673.0,안철수
2016-01-25,89677.0,안철수
2016-01-26,89676.0,안철수
2016-01-27,89670.0,안철수
2016-01-28,89650.0,안철수
2016-01-29,89655.0,안철수
2016-01-30,89647.0,안철수
2016-01-31,89645.0,안철수
2016-02-01,89643.0,안철수
2016-02-02,89614.0,안철수
2016-02-03,89621.0,안철수
2016-02-04,89636.0,안철수
2016-02-05,89642.0,안철수
2016-02-06,89696.0,안철수
2016-02-07,89674.0,안철수
2016-02-08,89656.0,안철수
2016-02-09,89630.0,안철수
2016-02-10,89637.0,안철수
2016-02-11,89638.0,안철수
2016-02-12,89652.0,안철수
2016-02-13,89654.0,안철수
2016-02-14,89645.0,안철수
2016-02-15,89601.0,안철수
2016-02-16,89600.0,안철수
2016-02-17,89579.0,안철수
2016-02-18,89570.0,안철수
2016-02-19,89539.0,안철수
2016-02-20,89512.0,안철수
2016-02-21,89445.0,안철수
2016-02-22,89421.0,안철수
2016-02-23,89417.0,안철수
2016-02-24,89386.0,안철수
2016-02-25,89300.0,안철수
2016-02-26,89238.0,안철수
2016-02-27,89222.0,안철수
2016-02-28,89213.0,안철수
2016-02-29,89115.0,안철수
2016-03-01,89076.0,안철수
2016-03-02,89029.0,안철수
2016-03-03,88970.0,안철수
2016-03-04,88904.0,안철수
2016-03-05,88864.0,안철수
2016-03-06,88847.0,안철수
2016-03-07,88798.0,안철수
2016-03-08,88772.0,안철수
2016-03-09,88725.0,안철수
2016-03-10,88678.0,안철수
2016-03-11,88657.0,안철수
2016-03-12,88625.0,안철수
2016-03-13,88623.0,안철수
2016-03-14,88513.0,안철수
2016-03-15,88482.0,안철수
2016-03-16,88445.0,안철수
2016-03-17,88422.0,안철수
2016-03-18,88391.0,안철수
2016-03-19,88363.0,안철수
2016-03-20,88414.0,안철수
2016-03-21,88406.0,안철수
2016-03-22,88386.0,안철수
2016-03-23,88360.0,안철수
2016-03-24,88348.0,안철수
2016-03-25,88295.0,안철수
2016-03-26,88273.0,안철수
2016-03-27,88248.0,안철수
2016-03-28,88230.0,안철수
2016-03-29,88199.0,안철수
2016-03-30,88150.0,안철수
2016-04-01,88152.0,안철수
2016-04-02,88159.0,안철수
2016-04-03,88098.0,안철수
2016-04-04,88091.0,안철수
2016-04-05,88095.0,안철수
2016-04-06,88045.0,안철수
2016-04-07,88033.0,안철수
2016-04-08,88042.0,안철수
2016-04-09,88014.0,안철수
2016-04-10,88009.0,안철수
2016-04-11,88005.0,안철수
2016-04-12,88030.0,안철수
2016-04-13,88091.0,안철수
2016-04-14,88457.0,안철수
2016-04-15,88638.0,안철수
2016-04-16,88757.0,안철수
2016-04-17,88862.0,안철수
2016-04-18,88902.0,안철수
2016-04-19,88928.0,안철수
2016-04-20,88960.0,안철수
2016-04-21,88962.0,안철수
2016-04-22,88973.0,안철수
2016-04-23,88988.0,안철수
2016-04-24,88992.0,안철수
2016-04-25,89023.0,안철수
2016-04-26,89045.0,안철수
2016-04-27,89063.0,안철수
2016-04-28,89050.0,안철수
2016-04-29,89061.0,안철수
2016-04-30,89083.0,안철수
2016-05-01,89084.0,안철수
2016-05-02,89083.0,안철수
2016-05-03,89096.0,안철수
2016-05-04,89094.0,안철수
2016-05-05,89094.0,안철수
2016-05-06,89085.0,안철수
2016-05-07,89089.0,안철수
2016-05-08,89106.0,안철수
2016-05-09,89176.0,안철수
2016-05-10,89225.0,안철수
2016-05-11,89247.0,안철수
2016-05-12,89255.0,안철수
2016-05-13,89258.0,안철수
2016-05-14,89267.0,안철수
2016-05-15,89271.0,안철수
2016-05-16,89283.0,안철수
2016-05-17,89278.0,안철수
2016-05-18,89300.0,안철수
2016-05-19,89316.0,안철수
2016-05-20,89314.0,안철수
2016-05-21,89316.0,안철수
2016-05-22,89325.0,안철수
2016-05-23,89322.0,안철수
2016-05-24,89320.0,안철수
2016-05-25,89323.0,안철수
2016-05-26,89321.0,안철수
2016-05-27,89327.0,안철수
2016-05-28,89327.0,안철수
2016-05-29,89338.0,안철수
2016-05-30,89326.0,안철수
2016-05-31,89345.0,안철수
2016-06-01,89358.0,안철수
2016-06-02,89354.0,안철수
2016-06-03,89348.0,안철수
2016-06-04,89353.0,안철수
2016-06-05,89347.0,안철수
2016-06-06,89340.0,안철수
2016-06-07,89347.0,안철수
2016-06-08,89336.0,안철수
2016-06-09,89339.0,안철수
2016-06-10,89323.0,안철수
2016-06-11,89327.0,안철수
2016-06-12,89331.0,안철수
2016-06-13,89312.0,안철수
2016-06-14,89302.0,안철수
2016-06-15,89242.0,안철수
2016-06-16,89284.0,안철수
2016-06-17,89285.0,안철수
2016-06-18,89270.0,안철수
2016-06-19,89263.0,안철수
2016-06-20,89260.0,안철수
2016-06-21,89263.0,안철수
2016-06-22,89258.0,안철수
2016-06-23,89268.0,안철수
2016-06-24,89255.0,안철수
2016-06-25,89273.0,안철수
2016-06-26,89272.0,안철수
2016-06-27,89270.0,안철수
2016-06-28,89259.0,안철수
2016-06-29,89238.0,안철수
2016-06-30,89250.0,안철수
2016-07-01,89265.0,안철수
2016-07-02,89264.0,안철수
2016-07-03,89260.0,안철수
2016-07-04,89260.0,안철수
2016-07-05,89265.0,안철수
2016-07-06,89254.0,안철수
2016-07-07,89253.0,안철수
2016-07-08,89240.0,안철수
2016-07-09,89231.0,안철수
2016-07-10,89230.0,안철수
2016-07-11,89236.0,안철수
2016-07-12,89234.0,안철수
2016-07-13,89242.0,안철수
2016-07-14,89240.0,안철수
2016-07-15,89239.0,안철수
2016-07-16,89241.0,안철수
2016-07-17,89235.0,안철수
2016-07-18,89233.0,안철수
2016-07-19,89244.0,안철수
2016-07-20,89247.0,안철수
2016-07-21,89247.0,안철수
2016-07-22,89237.0,안철수
2016-07-23,89239.0,안철수
2016-07-24,89231.0,안철수
2016-07-25,89226.0,안철수
2016-07-26,89232.0,안철수
2016-07-27,89217.0,안철수
2016-07-28,89206.0,안철수
2016-07-29,89204.0,안철수
2016-07-30,89199.0,안철수
2016-07-31,89185.0,안철수
2016-08-01,89190.0,안철수
2016-08-02,89177.0,안철수
2016-08-03,89168.0,안철수
2016-08-04,89168.0,안철수
2016-08-05,89180.0,안철수
2016-08-06,89177.0,안철수
2016-08-07,89177.0,안철수
2016-08-08,89179.0,안철수
2016-08-09,89160.0,안철수
2016-08-10,89166.0,안철수
2016-08-11,89157.0,안철수
2016-08-12,89150.0,안철수
2016-08-13,89147.0,안철수
2016-08-14,89134.0,안철수
2016-08-15,89127.0,안철수
2016-08-16,89129.0,안철수
2016-08-17,89135.0,안철수
2016-08-18,89141.0,안철수
2016-08-19,88953.0,안철수
2016-08-20,88946.0,안철수
2016-08-21,88939.0,안철수
2016-08-22,89135.0,안철수
2016-08-23,89117.0,안철수
2016-08-24,89118.0,안철수
2016-08-25,89119.0,안철수
2016-08-26,89137.0,안철수
2016-08-27,89147.0,안철수
2016-08-28,89146.0,안철수
2016-08-29,89146.0,안철수
2016-08-30,89153.0,안철수
2016-08-31,89164.0,안철수
2016-09-01,89174.0,안철수
2016-09-02,89173.0,안철수
2016-09-03,89178.0,안철수
2016-09-04,89181.0,안철수
2016-09-05,89193.0,안철수
2016-09-06,89191.0,안철수
2016-09-07,89186.0,안철수
2016-09-08,89189.0,안철수
2016-09-09,89192.0,안철수
2016-09-10,89195.0,안철수
2016-09-11,89192.0,안철수
2016-09-12,89187.0,안철수
2016-09-13,89197.0,안철수
2016-09-14,89194.0,안철수
2016-09-15,89193.0,안철수
2016-09-16,89205.0,안철수
2016-09-17,89212.0,안철수
2016-09-18,89218.0,안철수
2016-09-19,89230.0,안철수
2016-09-20,89239.0,안철수
2016-09-21,89227.0,안철수
2016-09-22,89240.0,안철수
2016-09-23,89230.0,안철수
2016-09-24,89246.0,안철수
2016-09-25,89242.0,안철수
2016-09-26,89259.0,안철수
2016-09-27,89269.0,안철수
2016-09-28,89270.0,안철수
2016-09-29,89271.0,안철수
2016-09-30,89284.0,안철수
2016-10-01,89281.0,안철수
2016-10-02,89315.0,안철수
2016-10-03,89366.0,안철수
2016-10-04,89372.0,안철수
2016-10-05,89377.0,안철수
2016-10-06,89380.0,안철수
2016-10-07,89383.0,안철수
2016-10-08,89380.0,안철수
2016-10-09,89380.0,안철수
2016-10-10,89391.0,안철수
2016-10-11,89429.0,안철수
2016-10-12,89444.0,안철수
2016-10-13,89480.0,안철수
2016-10-14,89488.0,안철수
2016-10-15,89565.0,안철수
2016-10-16,89585.0,안철수
2016-10-17,89601.0,안철수
2016-10-18,89606.0,안철수
2016-10-19,89617.0,안철수
2016-10-20,89623.0,안철수
2016-10-21,89619.0,안철수
2016-10-22,89635.0,안철수
2016-10-23,89632.0,안철수
2016-10-24,89655.0,안철수
2016-10-25,89741.0,안철수
2016-10-26,89881.0,안철수
2016-10-27,89963.0,안철수
2016-10-28,90037.0,안철수
2016-10-29,90104.0,안철수
2016-10-30,90151.0,안철수
2016-10-31,90195.0,안철수
2016-11-01,90265.0,안철수
2016-11-02,90342.0,안철수
2016-11-03,90504.0,안철수
2016-11-04,90576.0,안철수
2016-11-05,91116.0,안철수
2016-11-06,91646.0,안철수
2016-11-07,91698.0,안철수
2016-11-08,91719.0,안철수
2016-11-09,91749.0,안철수
2016-11-10,91787.0,안철수
2016-11-11,91820.0,안철수
2016-11-12,91862.0,안철수
2016-11-13,91929.0,안철수
2016-11-14,91992.0,안철수
2016-11-15,92280.0,안철수
2016-11-16,92642.0,안철수
2016-11-17,92792.0,안철수
2016-11-18,92836.0,안철수
2016-11-19,92863.0,안철수
2016-11-20,92926.0,안철수
2016-11-21,92994.0,안철수
2016-11-22,93030.0,안철수
2016-11-23,93062.0,안철수
2016-11-24,93095.0,안철수
2016-11-25,93108.0,안철수
2016-11-26,93144.0,안철수
2016-11-27,93158.0,안철수
2016-11-28,93173.0,안철수
2016-11-29,93202.0,안철수
2016-11-30,93404.0,안철수
2016-12-01,93515.0,안철수
2016-12-02,93578.0,안철수
2016-12-03,93651.0,안철수
2016-12-04,93705.0,안철수
2016-12-05,93758.0,안철수
2016-12-06,93848.0,안철수
2016-12-07,93852.0,안철수
2016-12-08,93868.0,안철수
2016-12-09,93920.0,안철수
2016-12-10,93310.0,안철수
2016-12-11,93978.0,안철수
2016-12-12,93996.0,안철수
2016-12-13,94029.0,안철수
2016-12-14,94054.0,안철수
2016-12-15,94100.0,안철수
2016-12-16,94128.0,안철수
2016-12-17,94126.0,안철수
2016-12-18,94140.0,안철수
2016-12-19,94162.0,안철수
2016-12-20,94178.0,안철수
2016-12-21,94230.0,안철수
2016-12-22,94248.0,안철수
2016-12-23,94265.0,안철수
2016-12-24,94272.0,안철수
2016-12-25,94282.0,안철수
2016-12-26,94291.0,안철수
2016-12-27,94300.0,안철수
2016-12-28,94303.0,안철수
2016-12-29,94306.0,안철수
2016-12-30,94322.0,안철수
2017-01-01,94422.0,안철수
2017-01-02,94426.0,안철수
2017-01-03,94457.0,안철수
2017-01-04,94490.0,안철수
2017-01-05,94780.0,안철수
2017-01-06,94920.0,안철수
2017-01-07,94981.0,안철수
2017-01-08,95015.0,안철수
2017-01-09,95053.0,안철수
2017-01-10,95093.0,안철수
2017-01-11,95117.0,안철수
2017-01-12,95162.0,안철수
2017-01-13,95192.0,안철수
2017-01-14,95221.0,안철수
2017-01-15,95238.0,안철수
2017-01-16,95264.0,안철수
2017-01-17,95281.0,안철수
2017-01-18,95304.0,안철수
2017-01-19,95370.0,안철수
2017-01-20,95415.0,안철수
2017-01-21,95437.0,안철수
2017-01-22,95474.0,안철수
2017-01-23,95526.0,안철수
2017-01-24,95547.0,안철수
2017-01-25,95627.0,안철수
2017-01-26,95674.0,안철수
2017-01-27,95725.0,안철수
2017-01-28,95802.0,안철수
2017-01-29,95871.0,안철수
2017-01-30,96451.0,안철수
2017-01-31,96514.0,안철수
2017-02-01,96546.0,안철수
2017-02-02,96690.0,안철수
2017-02-03,96733.0,안철수
2017-02-04,96839.0,안철수
2017-02-05,96904.0,안철수
2017-02-06,96990.0,안철수
2017-02-07,97102.0,안철수
2017-02-08,97165.0,안철수
2017-02-09,97234.0,안철수
2017-02-10,97326.0,안철수
2017-02-11,97364.0,안철수
2017-02-12,97378.0,안철수
2017-02-13,97393.0,안철수
2017-02-14,97456.0,안철수
2017-02-15,97484.0,안철수
2017-02-16,97736.0,안철수
2017-02-17,97851.0,안철수
2017-02-18,97925.0,안철수
2017-02-19,97963.0,안철수
2017-02-20,98009.0,안철수
2017-02-21,98070.0,안철수
2017-02-22,98127.0,안철수
2017-02-23,98198.0,안철수
2017-02-24,98643.0,안철수
2016-01-01,5326.0,황교안
2016-01-02,5348.0,황교안
2016-01-03,5360.0,황교안
2016-01-04,5373.0,황교안
2016-01-05,5390.0,황교안
2016-01-06,5414.0,황교안
2016-01-07,5433.0,황교안
2016-01-08,5447.0,황교안
2016-01-09,5459.0,황교안
2016-01-10,5469.0,황교안
2016-01-11,5479.0,황교안
2016-01-12,5501.0,황교안
2016-01-13,5533.0,황교안
2016-01-14,5562.0,황교안
2016-01-15,5581.0,황교안
2016-01-16,5607.0,황교안
2016-01-17,5672.0,황교안
2016-01-18,5685.0,황교안
2016-01-19,5723.0,황교안
2016-01-20,5734.0,황교안
2016-01-21,5749.0,황교안
2016-01-22,5766.0,황교안
2016-01-23,5791.0,황교안
2016-01-24,5808.0,황교안
2016-01-25,5837.0,황교안
2016-01-26,5866.0,황교안
2016-01-27,5874.0,황교안
2016-01-28,5889.0,황교안
2016-01-29,5933.0,황교안
2016-01-30,5960.0,황교안
2016-01-31,5993.0,황교안
2016-02-01,6039.0,황교안
2016-02-02,6082.0,황교안
2016-02-03,6103.0,황교안
2016-02-04,6153.0,황교안
2016-02-05,6174.0,황교안
2016-02-06,6223.0,황교안
2016-02-07,6253.0,황교안
2016-02-08,6271.0,황교안
2016-02-09,6288.0,황교안
2016-02-10,6305.0,황교안
2016-02-11,6327.0,황교안
2016-02-12,6344.0,황교안
2016-02-13,6368.0,황교안
2016-02-14,6396.0,황교안
2016-02-15,6417.0,황교안
2016-02-16,6439.0,황교안
2016-02-17,6468.0,황교안
2016-02-18,6481.0,황교안
2016-02-19,6521.0,황교안
2016-02-20,6547.0,황교안
2016-02-21,6561.0,황교안
2016-02-22,6581.0,황교안
2016-02-23,6600.0,황교안
2016-02-24,6623.0,황교안
2016-02-25,6652.0,황교안
2016-02-26,6686.0,황교안
2016-02-27,6718.0,황교안
2016-02-28,6747.0,황교안
2016-02-29,6777.0,황교안
2016-03-01,6825.0,황교안
2016-03-02,6870.0,황교안
2016-03-03,6913.0,황교안
2016-03-04,6969.0,황교안
2016-03-05,7028.0,황교안
2016-03-06,7068.0,황교안
2016-03-07,7105.0,황교안
2016-03-08,7162.0,황교안
2016-03-09,7220.0,황교안
2016-03-10,7278.0,황교안
2016-03-11,7320.0,황교안
2016-03-12,7359.0,황교안
2016-03-13,7390.0,황교안
2016-03-14,7417.0,황교안
2016-03-15,7457.0,황교안
2016-03-16,7496.0,황교안
2016-03-17,7527.0,황교안
2016-03-18,7559.0,황교안
2016-03-19,7577.0,황교안
2016-03-20,7598.0,황교안
2016-03-21,7617.0,황교안
2016-03-22,7637.0,황교안
2016-03-23,7653.0,황교안
2016-03-24,7686.0,황교안
2016-03-25,7702.0,황교안
2016-03-26,7726.0,황교안
2016-03-27,7750.0,황교안
2016-03-28,7767.0,황교안
2016-03-29,7784.0,황교안
2016-03-30,7807.0,황교안
2016-04-01,7822.0,황교안
2016-04-02,7847.0,황교안
2016-04-03,7867.0,황교안
2016-04-04,7895.0,황교안
2016-04-05,7916.0,황교안
2016-04-06,7933.0,황교안
2016-04-07,7949.0,황교안
2016-04-08,7972.0,황교안
2016-04-09,7995.0,황교안
2016-04-10,8009.0,황교안
2016-04-11,8038.0,황교안
2016-04-12,8073.0,황교안
2016-04-13,8107.0,황교안
2016-04-14,8127.0,황교안
2016-04-15,8150.0,황교안
2016-04-16,8180.0,황교안
2016-04-17,8212.0,황교안
2016-04-18,8240.0,황교안
2016-04-19,8270.0,황교안
2016-04-20,8322.0,황교안
2016-04-21,8337.0,황교안
2016-04-22,8364.0,황교안
2016-04-23,8393.0,황교안
2016-04-24,8400.0,황교안
2016-04-25,8420.0,황교안
2016-04-26,8465.0,황교안
2016-04-27,8489.0,황교안
2016-04-28,8510.0,황교안
2016-04-29,8539.0,황교안
2016-04-30,8578.0,황교안
2016-05-01,8609.0,황교안
2016-05-02,8631.0,황교안
2016-05-03,8655.0,황교안
2016-05-04,8671.0,황교안
2016-05-05,8699.0,황교안
2016-05-06,8716.0,황교안
2016-05-07,8763.0,황교안
2016-05-08,8798.0,황교안
2016-05-09,8823.0,황교안
2016-05-10,8840.0,황교안
2016-05-11,8862.0,황교안
2016-05-12,8882.0,황교안
2016-05-13,8903.0,황교안
2016-05-14,8925.0,황교안
2016-05-15,8945.0,황교안
2016-05-16,8966.0,황교안
2016-05-17,9002.0,황교안
2016-05-18,9032.0,황교안
2016-05-19,9073.0,황교안
2016-05-20,9129.0,황교안
2016-05-21,9163.0,황교안
2016-05-22,9197.0,황교안
2016-05-23,9250.0,황교안
2016-05-24,9292.0,황교안
2016-05-25,9347.0,황교안
2016-05-26,9412.0,황교안
2016-05-27,9483.0,황교안
2016-05-28,9555.0,황교안
2016-05-29,9627.0,황교안
2016-05-30,9717.0,황교안
2016-05-31,9803.0,황교안
2016-06-01,9841.0,황교안
2016-06-02,9885.0,황교안
2016-06-03,9928.0,황교안
2016-06-04,9982.0,황교안
2016-06-05,10055.0,황교안
2016-06-06,10108.0,황교안
2016-06-07,10149.0,황교안
2016-06-08,10192.0,황교안
2016-06-09,10219.0,황교안
2016-06-10,10248.0,황교안
2016-06-11,10271.0,황교안
2016-06-12,10300.0,황교안
2016-06-13,10322.0,황교안
2016-06-14,10355.0,황교안
2016-06-15,10393.0,황교안
2016-06-16,10441.0,황교안
2016-06-17,10486.0,황교안
2016-06-18,10529.0,황교안
2016-06-19,10553.0,황교안
2016-06-20,10581.0,황교안
2016-06-21,10619.0,황교안
2016-06-22,10669.0,황교안
2016-06-23,10707.0,황교안
2016-06-24,10762.0,황교안
2016-06-25,10818.0,황교안
2016-06-26,10852.0,황교안
2016-06-27,10893.0,황교안
2016-06-28,10938.0,황교안
2016-06-29,10979.0,황교안
2016-06-30,11025.0,황교안
2016-07-01,11071.0,황교안
2016-07-02,11112.0,황교안
2016-07-03,11131.0,황교안
2016-07-04,11159.0,황교안
2016-07-05,11195.0,황교안
2016-07-06,11235.0,황교안
2016-07-07,11264.0,황교안
2016-07-08,11292.0,황교안
2016-07-09,11330.0,황교안
2016-07-10,11367.0,황교안
2016-07-11,11411.0,황교안
2016-07-12,11460.0,황교안
2016-07-13,11497.0,황교안
2016-07-14,11534.0,황교안
2016-07-15,11581.0,황교안
2016-07-16,11661.0,황교안
2016-07-17,11725.0,황교안
2016-07-18,11817.0,황교안
2016-07-19,11861.0,황교안
2016-07-20,11898.0,황교안
2016-07-21,11921.0,황교안
2016-07-22,11950.0,황교안
2016-07-23,11981.0,황교안
2016-07-24,12120.0,황교안
2016-07-25,12172.0,황교안
2016-07-26,12198.0,황교안
2016-07-27,12223.0,황교안
2016-07-28,12259.0,황교안
2016-07-29,12307.0,황교안
2016-07-30,12356.0,황교안
2016-07-31,12390.0,황교안
2016-08-01,12429.0,황교안
2016-08-02,12456.0,황교안
2016-08-03,12475.0,황교안
2016-08-04,12510.0,황교안
2016-08-05,12534.0,황교안
2016-08-06,12568.0,황교안
2016-08-07,12600.0,황교안
2016-08-08,12624.0,황교안
2016-08-09,12649.0,황교안
2016-08-10,12687.0,황교안
2016-08-11,12730.0,황교안
2016-08-12,12777.0,황교안
2016-08-13,12793.0,황교안
2016-08-14,12795.0,황교안
2016-08-15,12802.0,황교안
2016-08-16,12806.0,황교안
2016-08-17,12844.0,황교안
2016-08-18,12913.0,황교안
2016-08-19,12971.0,황교안
2016-08-20,13013.0,황교안
2016-08-21,13070.0,황교안
2016-08-22,13117.0,황교안
2016-08-23,13167.0,황교안
2016-08-24,13206.0,황교안
2016-08-25,13252.0,황교안
2016-08-26,13301.0,황교안
2016-08-27,13329.0,황교안
2016-08-28,13360.0,황교안
2016-08-29,13408.0,황교안
2016-08-30,13445.0,황교안
2016-08-31,13488.0,황교안
2016-09-01,13518.0,황교안
2016-09-02,13539.0,황교안
2016-09-03,13575.0,황교안
2016-09-04,13619.0,황교안
2016-09-05,13656.0,황교안
2016-09-06,13691.0,황교안
2016-09-07,13724.0,황교안
2016-09-08,13780.0,황교안
2016-09-09,13810.0,황교안
2016-09-10,13845.0,황교안
2016-09-11,13860.0,황교안
2016-09-12,13893.0,황교안
2016-09-13,13929.0,황교안
2016-09-14,14014.0,황교안
2016-09-15,14110.0,황교안
2016-09-16,14153.0,황교안
2016-09-17,14193.0,황교안
2016-09-18,14218.0,황교안
2016-09-19,14242.0,황교안
2016-09-20,14275.0,황교안
2016-09-21,14305.0,황교안
2016-09-22,14340.0,황교안
2016-09-23,14395.0,황교안
2016-09-24,14424.0,황교안
2016-09-25,14468.0,황교안
2016-09-26,14506.0,황교안
2016-09-27,14548.0,황교안
2016-09-28,14575.0,황교안
2016-09-29,14626.0,황교안
2016-09-30,14653.0,황교안
2016-10-01,14701.0,황교안
2016-10-02,14755.0,황교안
2016-10-03,14791.0,황교안
2016-10-04,14828.0,황교안
2016-10-05,14858.0,황교안
2016-10-06,14896.0,황교안
2016-10-07,14969.0,황교안
2016-10-08,15035.0,황교안
2016-10-09,15069.0,황교안
2016-10-10,15095.0,황교안
2016-10-11,15155.0,황교안
2016-10-12,15194.0,황교안
2016-10-13,15229.0,황교안
2016-10-14,15238.0,황교안
2016-10-15,15258.0,황교안
2016-10-16,15278.0,황교안
2016-10-17,15304.0,황교안
2016-10-18,15327.0,황교안
2016-10-19,15333.0,황교안
2016-10-20,15368.0,황교안
2016-10-21,15418.0,황교안
2016-10-22,15437.0,황교안
2016-10-23,15452.0,황교안
2016-10-24,15471.0,황교안
2016-10-25,15490.0,황교안
2016-10-26,15510.0,황교안
2016-10-27,15539.0,황교안
2016-10-28,15565.0,황교안
2016-10-29,15586.0,황교안
2016-10-30,15612.0,황교안
2016-10-31,15625.0,황교안
2016-11-01,15662.0,황교안
2016-11-02,15714.0,황교안
2016-11-03,15761.0,황교안
2016-11-04,15809.0,황교안
2016-11-05,15861.0,황교안
2016-11-06,15900.0,황교안
2016-11-07,15925.0,황교안
2016-11-08,15986.0,황교안
2016-11-09,16136.0,황교안
2016-11-10,16202.0,황교안
2016-11-11,16293.0,황교안
2016-11-12,16611.0,황교안
2016-11-13,16791.0,황교안
2016-11-14,16880.0,황교안
2016-11-15,16996.0,황교안
2016-11-16,17218.0,황교안
2016-11-17,17530.0,황교안
2016-11-18,17779.0,황교안
2016-11-19,17879.0,황교안
2016-11-20,18100.0,황교안
2016-11-21,18260.0,황교안
2016-11-22,18431.0,황교안
2016-11-23,18561.0,황교안
2016-11-24,18713.0,황교안
2016-11-25,18867.0,황교안
2016-11-26,19011.0,황교안
2016-11-27,19145.0,황교안
2016-11-28,19293.0,황교안
2016-11-29,19477.0,황교안
2016-11-30,19549.0,황교안
2016-12-01,19607.0,황교안
2016-12-02,19677.0,황교안
2016-12-03,19825.0,황교안
2016-12-04,19908.0,황교안
2016-12-05,19962.0,황교안
2016-12-06,20049.0,황교안
2016-12-07,20130.0,황교안
2016-12-08,20469.0,황교안
2016-12-09,20739.0,황교안
2016-12-10,21266.0,황교안
2016-12-11,22029.0,황교안
2016-12-12,22508.0,황교안
2016-12-13,22960.0,황교안
2016-12-14,23329.0,황교안
2016-12-15,23626.0,황교안
2016-12-16,23902.0,황교안
2016-12-17,24120.0,황교안
2016-12-18,24322.0,황교안
2016-12-19,24582.0,황교안
2016-12-20,24810.0,황교안
2016-12-21,25157.0,황교안
2016-12-22,25699.0,황교안
2016-12-23,26320.0,황교안
2016-12-24,26815.0,황교안
2016-12-25,27149.0,황교안
2016-12-26,27382.0,황교안
2016-12-27,27677.0,황교안
2016-12-28,27982.0,황교안
2016-12-29,28326.0,황교안
2016-12-30,28602.0,황교안
2017-01-01,29310.0,황교안
2017-01-02,29529.0,황교안
2017-01-03,29814.0,황교안
2017-01-04,30030.0,황교안
2017-01-05,30261.0,황교안
2017-01-06,30483.0,황교안
2017-01-07,30676.0,황교안
2017-01-08,30892.0,황교안
2017-01-09,31063.0,황교안
2017-01-10,31248.0,황교안
2017-01-11,31439.0,황교안
2017-01-12,31625.0,황교안
2017-01-13,31796.0,황교안
2017-01-14,31966.0,황교안
2017-01-15,32131.0,황교안
2017-01-16,32257.0,황교안
2017-01-17,32435.0,황교안
2017-01-18,32653.0,황교안
2017-01-19,32817.0,황교안
2017-01-20,33076.0,황교안
2017-01-21,33272.0,황교안
2017-01-22,33401.0,황교안
2017-01-23,33615.0,황교안
2017-01-24,33803.0,황교안
2017-01-25,34009.0,황교안
2017-01-26,34268.0,황교안
2017-01-27,34472.0,황교안
2017-01-28,34708.0,황교안
2017-01-29,34884.0,황교안
2017-01-30,35095.0,황교안
2017-01-31,35466.0,황교안
2017-02-01,35733.0,황교안
2017-02-02,36216.0,황교안
2017-02-03,36616.0,황교안
2017-02-04,36897.0,황교안
2017-02-05,37092.0,황교안
2017-02-06,37297.0,황교안
2017-02-07,37486.0,황교안
2017-02-08,37703.0,황교안
2017-02-09,37900.0,황교안
2017-02-10,38107.0,황교안
2017-02-11,38417.0,황교안
2017-02-12,38681.0,황교안
2017-02-13,39228.0,황교안
2017-02-14,39636.0,황교안
2017-02-15,39856.0,황교안
2017-02-16,40065.0,황교안
2017-02-17,40310.0,황교안
2017-02-18,40503.0,황교안
2017-02-19,40667.0,황교안
2017-02-20,40774.0,황교안
2017-02-21,40892.0,황교안
2017-02-22,41020.0,황교안
2017-02-23,41121.0,황교안
2017-02-24,41247.0,황교안
2016-01-01,356348.0,문재인
2016-01-02,356705.0,문재인
2016-01-03,357012.0,문재인
2016-01-04,357330.0,문재인
2016-01-05,357562.0,문재인
2016-01-06,357773.0,문재인
2016-01-07,358011.0,문재인
2016-01-08,358336.0,문재인
2016-01-09,358519.0,문재인
2016-01-10,358589.0,문재인
2016-01-11,358676.0,문재인
2016-01-12,358824.0,문재인
2016-01-13,358945.0,문재인
2016-01-14,359175.0,문재인
2016-01-15,359430.0,문재인
2016-01-16,359478.0,문재인
2016-01-17,359272.0,문재인
2016-01-18,359650.0,문재인
2016-01-19,359564.0,문재인
2016-01-20,359718.0,문재인
2016-01-21,359847.0,문재인
2016-01-22,359992.0,문재인
2016-01-23,360090.0,문재인
2016-01-24,360168.0,문재인
2016-01-25,360291.0,문재인
2016-01-26,360386.0,문재인
2016-01-27,360648.0,문재인
2016-01-28,361558.0,문재인
2016-01-29,362295.0,문재인
2016-01-30,362639.0,문재인
2016-01-31,362977.0,문재인
2016-02-01,363149.0,문재인
2016-02-02,363408.0,문재인
2016-02-03,363650.0,문재인
2016-02-04,363908.0,문재인
2016-02-05,364178.0,문재인
2016-02-06,364513.0,문재인
2016-02-07,364755.0,문재인
2016-02-08,364953.0,문재인
2016-02-09,365103.0,문재인
2016-02-10,365267.0,문재인
2016-02-11,365473.0,문재인
2016-02-12,365997.0,문재인
2016-02-13,366289.0,문재인
2016-02-14,366530.0,문재인
2016-02-15,367101.0,문재인
2016-02-16,367444.0,문재인
2016-02-17,367753.0,문재인
2016-02-18,367974.0,문재인
2016-02-19,368189.0,문재인
2016-02-20,368359.0,문재인
2016-02-21,368469.0,문재인
2016-02-22,368612.0,문재인
2016-02-23,368755.0,문재인
2016-02-24,369407.0,문재인
2016-02-25,370003.0,문재인
2016-02-26,370378.0,문재인
2016-02-27,371145.0,문재인
2016-02-28,371955.0,문재인
2016-02-29,372319.0,문재인
2016-03-01,372709.0,문재인
2016-03-02,373559.0,문재인
2016-03-03,374604.0,문재인
2016-03-04,375420.0,문재인
2016-03-05,376090.0,문재인
2016-03-06,376615.0,문재인
2016-03-07,377184.0,문재인
2016-03-08,377719.0,문재인
2016-03-09,378145.0,문재인
2016-03-10,378410.0,문재인
2016-03-11,378606.0,문재인
2016-03-12,378698.0,문재인
2016-03-13,378781.0,문재인
2016-03-14,378885.0,문재인
2016-03-15,378983.0,문재인
2016-03-16,379050.0,문재인
2016-03-17,379205.0,문재인
2016-03-18,379284.0,문재인
2016-03-19,379391.0,문재인
2016-03-20,379418.0,문재인
2016-03-21,379539.0,문재인
2016-03-22,379645.0,문재인
2016-03-23,379802.0,문재인
2016-03-24,379922.0,문재인
2016-03-25,380043.0,문재인
2016-03-26,380157.0,문재인
2016-03-27,380259.0,문재인
2016-03-28,380273.0,문재인
2016-03-29,380155.0,문재인
2016-03-30,380143.0,문재인
2016-04-01,380481.0,문재인
2016-04-02,380701.0,문재인
2016-04-03,380868.0,문재인
2016-04-04,381267.0,문재인
2016-04-05,381518.0,문재인
2016-04-06,381718.0,문재인
2016-04-07,381898.0,문재인
2016-04-08,382235.0,문재인
2016-04-09,382793.0,문재인
2016-04-10,383023.0,문재인
2016-04-11,383248.0,문재인
2016-04-12,383593.0,문재인
2016-04-13,385541.0,문재인
2016-04-14,391233.0,문재인
2016-04-15,393108.0,문재인
2016-04-16,395590.0,문재인
2016-04-17,397705.0,문재인
2016-04-18,398422.0,문재인
2016-04-19,398998.0,문재인
2016-04-20,399670.0,문재인
2016-04-21,399991.0,문재인
2016-04-22,400403.0,문재인
2016-04-23,400737.0,문재인
2016-04-24,400846.0,문재인
2016-04-25,401154.0,문재인
2016-04-26,401753.0,문재인
2016-04-27,402092.0,문재인
2016-04-28,402251.0,문재인
2016-04-29,402528.0,문재인
2016-04-30,402694.0,문재인
2016-05-01,402822.0,문재인
2016-05-02,402933.0,문재인
2016-05-03,403246.0,문재인
2016-05-04,403557.0,문재인
2016-05-05,403792.0,문재인
2016-05-06,404022.0,문재인
2016-05-07,404182.0,문재인
2016-05-08,404310.0,문재인
2016-05-09,404503.0,문재인
2016-05-10,404689.0,문재인
2016-05-11,404859.0,문재인
2016-05-12,404986.0,문재인
2016-05-13,405079.0,문재인
2016-05-14,405198.0,문재인
2016-05-15,405277.0,문재인
2016-05-16,405302.0,문재인
2016-05-17,405511.0,문재인
2016-05-18,405780.0,문재인
2016-05-19,406875.0,문재인
2016-05-20,407254.0,문재인
2016-05-21,407328.0,문재인
2016-05-22,407374.0,문재인
2016-05-23,407475.0,문재인
2016-05-24,407613.0,문재인
2016-05-25,407679.0,문재인
2016-05-26,407682.0,문재인
2016-05-27,407686.0,문재인
2016-05-28,407680.0,문재인
2016-05-29,407710.0,문재인
2016-05-30,407755.0,문재인
2016-05-31,407779.0,문재인
2016-06-01,407801.0,문재인
2016-06-02,407812.0,문재인
2016-06-03,407835.0,문재인
2016-06-04,407856.0,문재인
2016-06-05,407840.0,문재인
2016-06-06,407830.0,문재인
2016-06-07,407817.0,문재인
2016-06-08,407823.0,문재인
2016-06-09,407811.0,문재인
2016-06-10,407800.0,문재인
2016-06-11,407823.0,문재인
2016-06-12,407818.0,문재인
2016-06-13,407785.0,문재인
2016-06-14,407859.0,문재인
2016-06-15,407673.0,문재인
2016-06-16,407851.0,문재인
2016-06-17,407861.0,문재인
2016-06-18,407857.0,문재인
2016-06-19,407853.0,문재인
2016-06-20,407848.0,문재인
2016-06-21,407844.0,문재인
2016-06-22,407856.0,문재인
2016-06-23,407837.0,문재인
2016-06-24,407843.0,문재인
2016-06-25,408005.0,문재인
2016-06-26,408094.0,문재인
2016-06-27,408204.0,문재인
2016-06-28,408260.0,문재인
2016-06-29,408241.0,문재인
2016-06-30,408299.0,문재인
2016-07-01,408399.0,문재인
2016-07-02,408448.0,문재인
2016-07-03,408479.0,문재인
2016-07-04,408507.0,문재인
2016-07-05,408538.0,문재인
2016-07-06,408557.0,문재인
2016-07-07,408572.0,문재인
2016-07-08,408540.0,문재인
2016-07-09,408636.0,문재인
2016-07-10,408689.0,문재인
2016-07-11,408724.0,문재인
2016-07-12,408814.0,문재인
2016-07-13,408936.0,문재인
2016-07-14,409103.0,문재인
2016-07-15,409204.0,문재인
2016-07-16,409314.0,문재인
2016-07-17,409329.0,문재인
2016-07-18,409367.0,문재인
2016-07-19,409378.0,문재인
2016-07-20,409386.0,문재인
2016-07-21,409377.0,문재인
2016-07-22,409396.0,문재인
2016-07-23,409404.0,문재인
2016-07-24,409418.0,문재인
2016-07-25,409400.0,문재인
2016-07-26,409430.0,문재인
2016-07-27,409423.0,문재인
2016-07-28,409409.0,문재인
2016-07-29,409425.0,문재인
2016-07-30,409478.0,문재인
2016-07-31,409483.0,문재인
2016-08-01,409491.0,문재인
2016-08-02,409630.0,문재인
2016-08-03,409725.0,문재인
2016-08-04,409750.0,문재인
2016-08-05,409793.0,문재인
2016-08-06,409802.0,문재인
2016-08-07,409815.0,문재인
2016-08-08,409812.0,문재인
2016-08-09,409823.0,문재인
2016-08-10,409836.0,문재인
2016-08-11,409837.0,문재인
2016-08-12,409843.0,문재인
2016-08-13,409822.0,문재인
2016-08-14,409771.0,문재인
2016-08-15,409736.0,문재인
2016-08-16,409781.0,문재인
2016-08-17,409769.0,문재인
2016-08-18,409782.0,문재인
2016-08-19,409423.0,문재인
2016-08-20,409447.0,문재인
2016-08-21,409450.0,문재인
2016-08-22,409856.0,문재인
2016-08-23,409876.0,문재인
2016-08-24,409886.0,문재인
2016-08-25,409903.0,문재인
2016-08-26,409929.0,문재인
2016-08-27,409938.0,문재인
2016-08-28,410029.0,문재인
2016-08-29,410114.0,문재인
2016-08-30,410193.0,문재인
2016-08-31,410222.0,문재인
2016-09-01,410344.0,문재인
2016-09-02,410355.0,문재인
2016-09-03,410361.0,문재인
2016-09-04,410357.0,문재인
2016-09-05,410368.0,문재인
2016-09-06,410345.0,문재인
2016-09-07,410356.0,문재인
2016-09-08,410369.0,문재인
2016-09-09,410373.0,문재인
2016-09-10,410386.0,문재인
2016-09-11,410370.0,문재인
2016-09-12,410362.0,문재인
2016-09-13,410750.0,문재인
2016-09-14,410827.0,문재인
2016-09-15,410848.0,문재인
2016-09-16,410854.0,문재인
2016-09-17,410844.0,문재인
2016-09-18,410834.0,문재인
2016-09-19,410839.0,문재인
2016-09-20,410858.0,문재인
2016-09-21,410830.0,문재인
2016-09-22,410841.0,문재인
2016-09-23,410835.0,문재인
2016-09-24,410867.0,문재인
2016-09-25,410939.0,문재인
2016-09-26,411394.0,문재인
2016-09-27,411519.0,문재인
2016-09-28,411587.0,문재인
2016-09-29,411624.0,문재인
2016-09-30,411647.0,문재인
2016-10-01,411697.0,문재인
2016-10-02,411779.0,문재인
2016-10-03,411804.0,문재인
2016-10-04,411797.0,문재인
2016-10-05,411839.0,문재인
2016-10-06,411837.0,문재인
2016-10-07,411913.0,문재인
2016-10-08,411934.0,문재인
2016-10-09,411939.0,문재인
2016-10-10,411951.0,문재인
2016-10-11,411993.0,문재인
2016-10-12,412014.0,문재인
2016-10-13,412229.0,문재인
2016-10-14,412212.0,문재인
2016-10-15,412194.0,문재인
2016-10-16,412561.0,문재인
2016-10-17,413335.0,문재인
2016-10-18,413532.0,문재인
2016-10-19,413583.0,문재인
2016-10-20,413602.0,문재인
2016-10-21,413651.0,문재인
2016-10-22,413669.0,문재인
2016-10-23,413742.0,문재인
2016-10-24,415337.0,문재인
2016-10-25,416084.0,문재인
2016-10-26,417310.0,문재인
2016-10-27,418065.0,문재인
2016-10-28,418703.0,문재인
2016-10-29,419018.0,문재인
2016-10-30,419241.0,문재인
2016-10-31,419546.0,문재인
2016-11-01,420279.0,문재인
2016-11-02,420655.0,문재인
2016-11-03,420856.0,문재인
2016-11-04,421094.0,문재인
2016-11-05,422024.0,문재인
2016-11-06,422431.0,문재인
2016-11-07,422704.0,문재인
2016-11-08,423139.0,문재인
2016-11-09,423386.0,문재인
2016-11-10,423682.0,문재인
2016-11-11,424148.0,문재인
2016-11-12,424961.0,문재인
2016-11-13,425673.0,문재인
2016-11-14,426003.0,문재인
2016-11-15,426325.0,문재인
2016-11-16,427132.0,문재인
2016-11-17,427517.0,문재인
2016-11-18,428442.0,문재인
2016-11-19,429049.0,문재인
2016-11-20,432406.0,문재인
2016-11-21,434813.0,문재인
2016-11-22,435548.0,문재인
2016-11-23,436284.0,문재인
2016-11-24,436939.0,문재인
2016-11-25,437251.0,문재인
2016-11-26,437828.0,문재인
2016-11-27,438518.0,문재인
2016-11-28,438883.0,문재인
2016-11-29,439496.0,문재인
2016-11-30,440970.0,문재인
2016-12-01,442295.0,문재인
2016-12-02,443811.0,문재인
2016-12-03,445391.0,문재인
2016-12-04,446405.0,문재인
2016-12-05,447016.0,문재인
2016-12-06,447738.0,문재인
2016-12-07,449143.0,문재인
2016-12-08,450165.0,문재인
2016-12-09,451660.0,문재인
2016-12-10,450975.0,문재인
2016-12-11,454348.0,문재인
2016-12-12,455113.0,문재인
2016-12-13,455795.0,문재인
2016-12-14,456138.0,문재인
2016-12-15,456417.0,문재인
2016-12-16,456769.0,문재인
2016-12-17,457126.0,문재인
2016-12-18,457379.0,문재인
2016-12-19,457606.0,문재인
2016-12-20,458161.0,문재인
2016-12-21,458631.0,문재인
2016-12-22,459221.0,문재인
2016-12-23,459629.0,문재인
2016-12-24,460097.0,문재인
2016-12-25,460523.0,문재인
2016-12-26,460792.0,문재인
2016-12-27,461119.0,문재인
2016-12-28,461452.0,문재인
2016-12-29,461686.0,문재인
2016-12-30,461927.0,문재인
2017-01-01,462633.0,문재인
2017-01-02,463046.0,문재인
2017-01-03,463443.0,문재인
2017-01-04,463908.0,문재인
2017-01-05,464289.0,문재인
2017-01-06,464800.0,문재인
2017-01-07,465445.0,문재인
2017-01-08,465795.0,문재인
2017-01-09,466059.0,문재인
2017-01-10,466295.0,문재인
2017-01-11,466555.0,문재인
2017-01-12,466974.0,문재인
2017-01-13,467544.0,문재인
2017-01-14,467900.0,문재인
2017-01-15,468272.0,문재인
2017-01-16,468578.0,문재인
2017-01-17,468964.0,문재인
2017-01-18,469534.0,문재인
2017-01-19,469904.0,문재인
2017-01-20,470318.0,문재인
2017-01-21,470525.0,문재인
2017-01-22,470903.0,문재인
2017-01-23,471593.0,문재인
2017-01-24,472151.0,문재인
2017-01-25,472524.0,문재인
2017-01-26,472976.0,문재인
2017-01-27,473414.0,문재인
2017-01-28,473715.0,문재인
2017-01-29,473982.0,문재인
2017-01-30,474329.0,문재인
2017-01-31,474521.0,문재인
2017-02-01,474758.0,문재인
2017-02-02,475405.0,문재인
2017-02-03,475959.0,문재인
2017-02-04,476518.0,문재인
2017-02-05,477068.0,문재인
2017-02-06,477535.0,문재인
2017-02-07,477998.0,문재인
2017-02-08,478327.0,문재인
2017-02-09,478469.0,문재인
2017-02-10,478765.0,문재인
2017-02-11,478909.0,문재인
2017-02-12,479072.0,문재인
2017-02-13,479179.0,문재인
2017-02-14,479293.0,문재인
2017-02-15,479373.0,문재인
2017-02-16,479623.0,문재인
2017-02-17,479737.0,문재인
2017-02-18,479899.0,문재인
2017-02-19,479960.0,문재인
2017-02-20,48e4,문재인
2017-02-21,480072.0,문재인
2017-02-22,480095.0,문재인
2017-02-23,480112.0,문재인
2017-02-24,480125.0,문재인
2016-01-01,20912.0,안희정
2016-01-02,20927.0,안희정
2016-01-03,20934.0,안희정
2016-01-04,20945.0,안희정
2016-01-05,20949.0,안희정
2016-01-06,20961.0,안희정
2016-01-07,20967.0,안희정
2016-01-08,20970.0,안희정
2016-01-09,20971.0,안희정
2016-01-10,20981.0,안희정
2016-01-11,20983.0,안희정
2016-01-12,20987.0,안희정
2016-01-13,20992.0,안희정
2016-01-14,21002.0,안희정
2016-01-15,21137.0,안희정
2016-01-16,21153.0,안희정
2016-01-17,21149.0,안희정
2016-01-18,21166.0,안희정
2016-01-19,21165.0,안희정
2016-01-20,21172.0,안희정
2016-01-21,21171.0,안희정
2016-01-22,21174.0,안희정
2016-01-23,21189.0,안희정
2016-01-24,21206.0,안희정
2016-01-25,21206.0,안희정
2016-01-26,21204.0,안희정
2016-01-27,21207.0,안희정
2016-01-28,21212.0,안희정
2016-01-29,21220.0,안희정
2016-01-30,21226.0,안희정
2016-01-31,21242.0,안희정
2016-02-01,21258.0,안희정
2016-02-02,21270.0,안희정
2016-02-03,21275.0,안희정
2016-02-04,21283.0,안희정
2016-02-05,21284.0,안희정
2016-02-06,21292.0,안희정
2016-02-07,21308.0,안희정
2016-02-08,21313.0,안희정
2016-02-09,21344.0,안희정
2016-02-10,21348.0,안희정
2016-02-11,21379.0,안희정
2016-02-12,21504.0,안희정
2016-02-13,21532.0,안희정
2016-02-14,21542.0,안희정
2016-02-15,21552.0,안희정
2016-02-16,21558.0,안희정
2016-02-17,21560.0,안희정
2016-02-18,21562.0,안희정
2016-02-19,21564.0,안희정
2016-02-20,21572.0,안희정
2016-02-21,21576.0,안희정
2016-02-22,21584.0,안희정
2016-02-23,21592.0,안희정
2016-02-24,21596.0,안희정
2016-02-25,21606.0,안희정
2016-02-26,21607.0,안희정
2016-02-27,21616.0,안희정
2016-02-28,21626.0,안희정
2016-02-29,21635.0,안희정
2016-03-01,21630.0,안희정
2016-03-02,21639.0,안희정
2016-03-03,21639.0,안희정
2016-03-04,21639.0,안희정
2016-03-05,21641.0,안희정
2016-03-06,21651.0,안희정
2016-03-07,21660.0,안희정
2016-03-08,21663.0,안희정
2016-03-09,21662.0,안희정
2016-03-10,21662.0,안희정
2016-03-11,21665.0,안희정
2016-03-12,21682.0,안희정
2016-03-13,21690.0,안희정
2016-03-14,21698.0,안희정
2016-03-15,21711.0,안희정
2016-03-16,21718.0,안희정
2016-03-17,21720.0,안희정
2016-03-18,21720.0,안희정
2016-03-19,21732.0,안희정
2016-03-20,21736.0,안희정
2016-03-21,21736.0,안희정
2016-03-22,21751.0,안희정
2016-03-23,21755.0,안희정
2016-03-24,21758.0,안희정
2016-03-25,21768.0,안희정
2016-03-26,21770.0,안희정
2016-03-27,21784.0,안희정
2016-03-28,21794.0,안희정
2016-03-29,21799.0,안희정
2016-03-30,21804.0,안희정
2016-04-01,21808.0,안희정
2016-04-02,21817.0,안희정
2016-04-03,21816.0,안희정
2016-04-04,21815.0,안희정
2016-04-05,21821.0,안희정
2016-04-06,21840.0,안희정
2016-04-07,21840.0,안희정
2016-04-08,21848.0,안희정
2016-04-09,21860.0,안희정
2016-04-10,21863.0,안희정
2016-04-11,21897.0,안희정
2016-04-12,22003.0,안희정
2016-04-13,22051.0,안희정
2016-04-14,22098.0,안희정
2016-04-15,22138.0,안희정
2016-04-16,22179.0,안희정
2016-04-17,22206.0,안희정
2016-04-18,22226.0,안희정
2016-04-19,22249.0,안희정
2016-04-20,22268.0,안희정
2016-04-21,22277.0,안희정
2016-04-22,22286.0,안희정
2016-04-23,22299.0,안희정
2016-04-24,22301.0,안희정
2016-04-25,22310.0,안희정
2016-04-26,22338.0,안희정
2016-04-27,22365.0,안희정
2016-04-28,22374.0,안희정
2016-04-29,22393.0,안희정
2016-04-30,22419.0,안희정
2016-05-01,22432.0,안희정
2016-05-02,22451.0,안희정
2016-05-03,22477.0,안희정
2016-05-04,22492.0,안희정
2016-05-05,22522.0,안희정
2016-05-06,22545.0,안희정
2016-05-07,22560.0,안희정
2016-05-08,22569.0,안희정
2016-05-09,22582.0,안희정
2016-05-10,22598.0,안희정
2016-05-11,22603.0,안희정
2016-05-12,22669.0,안희정
2016-05-13,22675.0,안희정
2016-05-14,22686.0,안희정
2016-05-15,22699.0,안희정
2016-05-16,22718.0,안희정
2016-05-17,22808.0,안희정
2016-05-18,22860.0,안희정
2016-05-19,22882.0,안희정
2016-05-20,22902.0,안희정
2016-05-21,22932.0,안희정
2016-05-22,22959.0,안희정
2016-05-23,22995.0,안희정
2016-05-24,23067.0,안희정
2016-05-25,23118.0,안희정
2016-05-26,23235.0,안희정
2016-05-27,23308.0,안희정
2016-05-28,23399.0,안희정
2016-05-29,23536.0,안희정
2016-05-30,23653.0,안희정
2016-05-31,23768.0,안희정
2016-06-01,23867.0,안희정
2016-06-02,23989.0,안희정
2016-06-03,24082.0,안희정
2016-06-04,24213.0,안희정
2016-06-05,24275.0,안희정
2016-06-06,24333.0,안희정
2016-06-07,24411.0,안희정
2016-06-08,24549.0,안희정
2016-06-09,24644.0,안희정
2016-06-10,24737.0,안희정
2016-06-11,24794.0,안희정
2016-06-12,24824.0,안희정
2016-06-13,24899.0,안희정
2016-06-14,25e3,안희정
2016-06-15,25039.0,안희정
2016-06-16,25085.0,안희정
2016-06-17,25127.0,안희정
2016-06-18,25141.0,안희정
2016-06-19,25153.0,안희정
2016-06-20,25177.0,안희정
2016-06-21,25199.0,안희정
2016-06-22,25252.0,안희정
2016-06-23,25301.0,안희정
2016-06-24,25342.0,안희정
2016-06-25,25371.0,안희정
2016-06-26,25386.0,안희정
2016-06-27,25398.0,안희정
2016-06-28,25406.0,안희정
2016-06-29,25412.0,안희정
2016-06-30,25418.0,안희정
2016-07-01,25434.0,안희정
2016-07-02,25451.0,안희정
2016-07-03,25474.0,안희정
2016-07-04,25530.0,안희정
2016-07-05,25542.0,안희정
2016-07-06,25549.0,안희정
2016-07-07,25556.0,안희정
2016-07-08,25569.0,안희정
2016-07-09,25579.0,안희정
2016-07-10,25585.0,안희정
2016-07-11,25593.0,안희정
2016-07-12,25610.0,안희정
2016-07-13,25652.0,안희정
2016-07-14,25687.0,안희정
2016-07-15,25717.0,안희정
2016-07-16,25799.0,안희정
2016-07-17,25853.0,안희정
2016-07-18,25926.0,안희정
2016-07-19,26e3,안희정
2016-07-20,26041.0,안희정
2016-07-21,26043.0,안희정
2016-07-22,26051.0,안희정
2016-07-23,26058.0,안희정
2016-07-24,26062.0,안희정
2016-07-25,26068.0,안희정
2016-07-26,26075.0,안희정
2016-07-27,26075.0,안희정
2016-07-28,26082.0,안희정
2016-07-29,26087.0,안희정
2016-07-30,26097.0,안희정
2016-07-31,26097.0,안희정
2016-08-01,26104.0,안희정
2016-08-02,26108.0,안희정
2016-08-03,26115.0,안희정
2016-08-04,26126.0,안희정
2016-08-05,26135.0,안희정
2016-08-06,26139.0,안희정
2016-08-07,26140.0,안희정
2016-08-08,26146.0,안희정
2016-08-09,26161.0,안희정
2016-08-10,26169.0,안희정
2016-08-11,26185.0,안희정
2016-08-12,26341.0,안희정
2016-08-13,26378.0,안희정
2016-08-14,26393.0,안희정
2016-08-15,26394.0,안희정
2016-08-16,26404.0,안희정
2016-08-17,26489.0,안희정
2016-08-18,26614.0,안희정
2016-08-19,26649.0,안희정
2016-08-20,26670.0,안희정
2016-08-21,26707.0,안희정
2016-08-22,26732.0,안희정
2016-08-23,26740.0,안희정
2016-08-24,26754.0,안희정
2016-08-25,26768.0,안희정
2016-08-26,26784.0,안희정
2016-08-27,26803.0,안희정
2016-08-28,26824.0,안희정
2016-08-29,26851.0,안희정
2016-08-30,26894.0,안희정
2016-08-31,26963.0,안희정
2016-09-01,27959.0,안희정
2016-09-02,28874.0,안희정
2016-09-03,29266.0,안희정
2016-09-04,29527.0,안희정
2016-09-05,29950.0,안희정
2016-09-06,30334.0,안희정
2016-09-07,30607.0,안희정
2016-09-08,30860.0,안희정
2016-09-09,31053.0,안희정
2016-09-10,31232.0,안희정
2016-09-11,31325.0,안희정
2016-09-12,31421.0,안희정
2016-09-13,31699.0,안희정
2016-09-14,31855.0,안희정
2016-09-15,32007.0,안희정
2016-09-16,32072.0,안희정
2016-09-17,32142.0,안희정
2016-09-18,32202.0,안희정
2016-09-19,32265.0,안희정
2016-09-20,32348.0,안희정
2016-09-21,32460.0,안희정
2016-09-22,32716.0,안희정
2016-09-23,32843.0,안희정
2016-09-24,32942.0,안희정
2016-09-25,33023.0,안희정
2016-09-26,33112.0,안희정
2016-09-27,33212.0,안희정
2016-09-28,33291.0,안희정
2016-09-29,33404.0,안희정
2016-09-30,33454.0,안희정
2016-10-01,33518.0,안희정
2016-10-02,33587.0,안희정
2016-10-03,33681.0,안희정
2016-10-04,33744.0,안희정
2016-10-05,33885.0,안희정
2016-10-06,33941.0,안희정
2016-10-07,34004.0,안희정
2016-10-08,34125.0,안희정
2016-10-09,34199.0,안희정
2016-10-10,34270.0,안희정
2016-10-11,34330.0,안희정
2016-10-12,34379.0,안희정
2016-10-13,34570.0,안희정
2016-10-14,34600.0,안희정
2016-10-15,34650.0,안희정
2016-10-16,34717.0,안희정
2016-10-17,34828.0,안희정
2016-10-18,34962.0,안희정
2016-10-19,35037.0,안희정
2016-10-20,35361.0,안희정
2016-10-21,35508.0,안희정
2016-10-22,35599.0,안희정
2016-10-23,35689.0,안희정
2016-10-24,35881.0,안희정
2016-10-25,36349.0,안희정
2016-10-26,36599.0,안희정
2016-10-27,36758.0,안희정
2016-10-28,36981.0,안희정
2016-10-29,37197.0,안희정
2016-10-30,37354.0,안희정
2016-10-31,37535.0,안희정
2016-11-01,37721.0,안희정
2016-11-02,37879.0,안희정
2016-11-03,38021.0,안희정
2016-11-04,38263.0,안희정
2016-11-05,38603.0,안희정
2016-11-06,39010.0,안희정
2016-11-07,39666.0,안희정
2016-11-08,40302.0,안희정
2016-11-09,40718.0,안희정
2016-11-10,41063.0,안희정
2016-11-11,41459.0,안희정
2016-11-12,42040.0,안희정
2016-11-13,42477.0,안희정
2016-11-14,42831.0,안희정
2016-11-15,43164.0,안희정
2016-11-16,43550.0,안희정
2016-11-17,43852.0,안희정
2016-11-18,44241.0,안희정
2016-11-19,44392.0,안희정
2016-11-20,44810.0,안희정
2016-11-21,45602.0,안희정
2016-11-22,46038.0,안희정
2016-11-23,46368.0,안희정
2016-11-24,46641.0,안희정
2016-11-25,46870.0,안희정
2016-11-26,47149.0,안희정
2016-11-27,47502.0,안희정
2016-11-28,47812.0,안희정
2016-11-29,48219.0,안희정
2016-11-30,48570.0,안희정
2016-12-01,48971.0,안희정
2016-12-02,49343.0,안희정
2016-12-03,49632.0,안희정
2016-12-04,49941.0,안희정
2016-12-05,50145.0,안희정
2016-12-06,50349.0,안희정
2016-12-07,50677.0,안희정
2016-12-08,51227.0,안희정
2016-12-09,52366.0,안희정
2016-12-10,53038.0,안희정
2016-12-11,53627.0,안희정
2016-12-12,55236.0,안희정
2016-12-13,57900.0,안희정
2016-12-14,58420.0,안희정
2016-12-15,59061.0,안희정
2016-12-16,59763.0,안희정
2016-12-17,60165.0,안희정
2016-12-18,60396.0,안희정
2016-12-19,60632.0,안희정
2016-12-20,61388.0,안희정
2016-12-21,65239.0,안희정
2016-12-22,69213.0,안희정
2016-12-23,70276.0,안희정
2016-12-24,71184.0,안희정
2016-12-25,71999.0,안희정
2016-12-26,72552.0,안희정
2016-12-27,72993.0,안희정
2016-12-28,73530.0,안희정
2016-12-29,75285.0,안희정
2016-12-30,76444.0,안희정
2017-01-01,79393.0,안희정
2017-01-02,80425.0,안희정
2017-01-03,81584.0,안희정
2017-01-04,83140.0,안희정
2017-01-05,84462.0,안희정
2017-01-06,85748.0,안희정
2017-01-07,87353.0,안희정
2017-01-08,88575.0,안희정
2017-01-09,89666.0,안희정
2017-01-10,90589.0,안희정
2017-01-11,91848.0,안희정
2017-01-12,92504.0,안희정
2017-01-13,93324.0,안희정
2017-01-14,93900.0,안희정
2017-01-15,94479.0,안희정
2017-01-16,94978.0,안희정
2017-01-17,95680.0,안희정
2017-01-18,96263.0,안희정
2017-01-19,96836.0,안희정
2017-01-20,97589.0,안희정
2017-01-21,98095.0,안희정
2017-01-22,99284.0,안희정
2017-01-23,101578.0,안희정
2017-01-24,102498.0,안희정
2017-01-25,103133.0,안희정
2017-01-26,104118.0,안희정
2017-01-27,105309.0,안희정
2017-01-28,106389.0,안희정
2017-01-29,107694.0,안희정
2017-01-30,108515.0,안희정
2017-01-31,109381.0,안희정
2017-02-01,110329.0,안희정
2017-02-02,111600.0,안희정
2017-02-03,112589.0,안희정
2017-02-04,113937.0,안희정
2017-02-05,114928.0,안희정
2017-02-06,115767.0,안희정
2017-02-07,116504.0,안희정
2017-02-08,117196.0,안희정
2017-02-09,118179.0,안희정
2017-02-10,119146.0,안희정
2017-02-11,120103.0,안희정
2017-02-12,120760.0,안희정
2017-02-13,121139.0,안희정
2017-02-14,121881.0,안희정
2017-02-15,122467.0,안희정
2017-02-16,122983.0,안희정
2017-02-17,123592.0,안희정
2017-02-18,124411.0,안희정
2017-02-19,124933.0,안희정
2017-02-20,125372.0,안희정
2017-02-21,125721.0,안희정
2017-02-22,125753.0,안희정
2017-02-23,125988.0,안희정
2017-02-24,126122.0,안희정
2016-01-01,11963.0,이재명
2016-01-02,12063.0,이재명
2016-01-03,12161.0,이재명
2016-01-04,12224.0,이재명
2016-01-05,12299.0,이재명
2016-01-06,12361.0,이재명
2016-01-07,12436.0,이재명
2016-01-08,12489.0,이재명
2016-01-09,12533.0,이재명
2016-01-10,12612.0,이재명
2016-01-11,12682.0,이재명
2016-01-12,12778.0,이재명
2016-01-13,12850.0,이재명
2016-01-14,12994.0,이재명
2016-01-15,13093.0,이재명
2016-01-16,13179.0,이재명
2016-01-17,13244.0,이재명
2016-01-18,13331.0,이재명
2016-01-19,13389.0,이재명
2016-01-20,13469.0,이재명
2016-01-21,13532.0,이재명
2016-01-22,13604.0,이재명
2016-01-23,13682.0,이재명
2016-01-24,13819.0,이재명
2016-01-25,13893.0,이재명
2016-01-26,13956.0,이재명
2016-01-27,14051.0,이재명
2016-01-28,14143.0,이재명
2016-01-29,14229.0,이재명
2016-01-30,14327.0,이재명
2016-01-31,14420.0,이재명
2016-02-01,14525.0,이재명
2016-02-02,14620.0,이재명
2016-02-03,14698.0,이재명
2016-02-04,14813.0,이재명
2016-02-05,14896.0,이재명
2016-02-06,15057.0,이재명
2016-02-07,15175.0,이재명
2016-02-08,15263.0,이재명
2016-02-09,15397.0,이재명
2016-02-10,15521.0,이재명
2016-02-11,15616.0,이재명
2016-02-12,15725.0,이재명
2016-02-13,15807.0,이재명
2016-02-14,15883.0,이재명
2016-02-15,15984.0,이재명
2016-02-16,16067.0,이재명
2016-02-17,16190.0,이재명
2016-02-18,16306.0,이재명
2016-02-19,16404.0,이재명
2016-02-20,16484.0,이재명
2016-02-21,16547.0,이재명
2016-02-22,16601.0,이재명
2016-02-23,16648.0,이재명
2016-02-24,16795.0,이재명
2016-02-25,16865.0,이재명
2016-02-26,16920.0,이재명
2016-02-27,16949.0,이재명
2016-02-28,17017.0,이재명
2016-02-29,17065.0,이재명
2016-03-01,17131.0,이재명
2016-03-02,17219.0,이재명
2016-03-03,17257.0,이재명
2016-03-04,17306.0,이재명
2016-03-05,17335.0,이재명
2016-03-06,17367.0,이재명
2016-03-07,17389.0,이재명
2016-03-08,17417.0,이재명
2016-03-09,17433.0,이재명
2016-03-10,17448.0,이재명
2016-03-11,17489.0,이재명
2016-03-12,17501.0,이재명
2016-03-13,17514.0,이재명
2016-03-14,17527.0,이재명
2016-03-15,17586.0,이재명
2016-03-16,17647.0,이재명
2016-03-17,17699.0,이재명
2016-03-18,17806.0,이재명
2016-03-19,17933.0,이재명
2016-03-20,18009.0,이재명
2016-03-21,18101.0,이재명
2016-03-22,18193.0,이재명
2016-03-23,18290.0,이재명
2016-03-24,18369.0,이재명
2016-03-25,18434.0,이재명
2016-03-26,18498.0,이재명
2016-03-27,18542.0,이재명
2016-03-28,18608.0,이재명
2016-03-29,18680.0,이재명
2016-03-30,18743.0,이재명
2016-04-01,18919.0,이재명
2016-04-02,18989.0,이재명
2016-04-03,19052.0,이재명
2016-04-04,19121.0,이재명
2016-04-05,19188.0,이재명
2016-04-06,19275.0,이재명
2016-04-07,19351.0,이재명
2016-04-08,19418.0,이재명
2016-04-09,19521.0,이재명
2016-04-10,19667.0,이재명
2016-04-11,19749.0,이재명
2016-04-12,19855.0,이재명
2016-04-13,19958.0,이재명
2016-04-14,20125.0,이재명
2016-04-15,20338.0,이재명
2016-04-16,20600.0,이재명
2016-04-17,20771.0,이재명
2016-04-18,20926.0,이재명
2016-04-19,21118.0,이재명
2016-04-20,21637.0,이재명
2016-04-21,21773.0,이재명
2016-04-22,21932.0,이재명
2016-04-23,22110.0,이재명
2016-04-24,22177.0,이재명
2016-04-25,22323.0,이재명
2016-04-26,22414.0,이재명
2016-04-27,22482.0,이재명
2016-04-28,22589.0,이재명
2016-04-29,22737.0,이재명
2016-04-30,22855.0,이재명
2016-05-01,22968.0,이재명
2016-05-02,23112.0,이재명
2016-05-03,23213.0,이재명
2016-05-04,23316.0,이재명
2016-05-05,23396.0,이재명
2016-05-06,23525.0,이재명
2016-05-07,23614.0,이재명
2016-05-08,23705.0,이재명
2016-05-09,23795.0,이재명
2016-05-10,23907.0,이재명
2016-05-11,23963.0,이재명
2016-05-12,24042.0,이재명
2016-05-13,24111.0,이재명
2016-05-14,24158.0,이재명
2016-05-15,24180.0,이재명
2016-05-16,24212.0,이재명
2016-05-17,24246.0,이재명
2016-05-18,24382.0,이재명
2016-05-19,24467.0,이재명
2016-05-20,24511.0,이재명
2016-05-21,24642.0,이재명
2016-05-22,24833.0,이재명
2016-05-23,25116.0,이재명
2016-05-24,25548.0,이재명
2016-05-25,25865.0,이재명
2016-05-26,26170.0,이재명
2016-05-27,26484.0,이재명
2016-05-28,26706.0,이재명
2016-05-29,26835.0,이재명
2016-05-30,27013.0,이재명
2016-05-31,27291.0,이재명
2016-06-01,27541.0,이재명
2016-06-02,27773.0,이재명
2016-06-03,28093.0,이재명
2016-06-04,28394.0,이재명
2016-06-05,28587.0,이재명
2016-06-06,28798.0,이재명
2016-06-07,29023.0,이재명
2016-06-08,29284.0,이재명
2016-06-09,29468.0,이재명
2016-06-10,29682.0,이재명
2016-06-11,29888.0,이재명
2016-06-12,30109.0,이재명
2016-06-13,30309.0,이재명
2016-06-14,30568.0,이재명
2016-06-15,30875.0,이재명
2016-06-16,31248.0,이재명
2016-06-17,31672.0,이재명
2016-06-18,31981.0,이재명
2016-06-19,32228.0,이재명
2016-06-20,32442.0,이재명
2016-06-21,32738.0,이재명
2016-06-22,33043.0,이재명
2016-06-23,33277.0,이재명
2016-06-24,33510.0,이재명
2016-06-25,33692.0,이재명
2016-06-26,33835.0,이재명
2016-06-27,33981.0,이재명
2016-06-28,34181.0,이재명
2016-06-29,34364.0,이재명
2016-06-30,34612.0,이재명
2016-07-01,35006.0,이재명
2016-07-02,35253.0,이재명
2016-07-03,35399.0,이재명
2016-07-04,35606.0,이재명
2016-07-05,35843.0,이재명
2016-07-06,36070.0,이재명
2016-07-07,36257.0,이재명
2016-07-08,36449.0,이재명
2016-07-09,36725.0,이재명
2016-07-10,36961.0,이재명
2016-07-11,37142.0,이재명
2016-07-12,37384.0,이재명
2016-07-13,37576.0,이재명
2016-07-14,37732.0,이재명
2016-07-15,37894.0,이재명
2016-07-16,38124.0,이재명
2016-07-17,38295.0,이재명
2016-07-18,38510.0,이재명
2016-07-19,38787.0,이재명
2016-07-20,39007.0,이재명
2016-07-21,39155.0,이재명
2016-07-22,39340.0,이재명
2016-07-23,39459.0,이재명
2016-07-24,39540.0,이재명
2016-07-25,39607.0,이재명
2016-07-26,39668.0,이재명
2016-07-27,39792.0,이재명
2016-07-28,39918.0,이재명
2016-07-29,40065.0,이재명
2016-07-30,40144.0,이재명
2016-07-31,40328.0,이재명
2016-08-01,40486.0,이재명
2016-08-02,40596.0,이재명
2016-08-03,40695.0,이재명
2016-08-04,40762.0,이재명
2016-08-05,40842.0,이재명
2016-08-06,40908.0,이재명
2016-08-07,40982.0,이재명
2016-08-08,41070.0,이재명
2016-08-09,41236.0,이재명
2016-08-10,41386.0,이재명
2016-08-11,41515.0,이재명
2016-08-12,41699.0,이재명
2016-08-13,41803.0,이재명
2016-08-14,41901.0,이재명
2016-08-15,42005.0,이재명
2016-08-16,42079.0,이재명
2016-08-17,42159.0,이재명
2016-08-18,42283.0,이재명
2016-08-19,42370.0,이재명
2016-08-20,42441.0,이재명
2016-08-21,42506.0,이재명
2016-08-22,42580.0,이재명
2016-08-23,42685.0,이재명
2016-08-24,42774.0,이재명
2016-08-25,42953.0,이재명
2016-08-26,43059.0,이재명
2016-08-27,43205.0,이재명
2016-08-28,43346.0,이재명
2016-08-29,43508.0,이재명
2016-08-30,43670.0,이재명
2016-08-31,43902.0,이재명
2016-09-01,44039.0,이재명
2016-09-02,44175.0,이재명
2016-09-03,44326.0,이재명
2016-09-04,44392.0,이재명
2016-09-05,44500.0,이재명
2016-09-06,44681.0,이재명
2016-09-07,44815.0,이재명
2016-09-08,45063.0,이재명
2016-09-09,45375.0,이재명
2016-09-10,45536.0,이재명
2016-09-11,45713.0,이재명
2016-09-12,45860.0,이재명
2016-09-13,46150.0,이재명
2016-09-14,46431.0,이재명
2016-09-15,46745.0,이재명
2016-09-16,47080.0,이재명
2016-09-17,47384.0,이재명
2016-09-18,47609.0,이재명
2016-09-19,47891.0,이재명
2016-09-20,48360.0,이재명
2016-09-21,48988.0,이재명
2016-09-22,49302.0,이재명
2016-09-23,49629.0,이재명
2016-09-24,49957.0,이재명
2016-09-25,50237.0,이재명
2016-09-26,50731.0,이재명
2016-09-27,51115.0,이재명
2016-09-28,51418.0,이재명
2016-09-29,51745.0,이재명
2016-09-30,51986.0,이재명
2016-10-01,52249.0,이재명
2016-10-02,52475.0,이재명
2016-10-03,52672.0,이재명
2016-10-04,52865.0,이재명
2016-10-05,53128.0,이재명
2016-10-06,53374.0,이재명
2016-10-07,53715.0,이재명
2016-10-08,53983.0,이재명
2016-10-09,54130.0,이재명
2016-10-10,54263.0,이재명
2016-10-11,54401.0,이재명
2016-10-12,54625.0,이재명
2016-10-13,55004.0,이재명
2016-10-14,55113.0,이재명
2016-10-15,55345.0,이재명
2016-10-16,55626.0,이재명
2016-10-17,55941.0,이재명
2016-10-18,56222.0,이재명
2016-10-19,56387.0,이재명
2016-10-20,56546.0,이재명
2016-10-21,56726.0,이재명
2016-10-22,56870.0,이재명
2016-10-23,57024.0,이재명
2016-10-24,57327.0,이재명
2016-10-25,57701.0,이재명
2016-10-26,58183.0,이재명
2016-10-27,58979.0,이재명
2016-10-28,59764.0,이재명
2016-10-29,60447.0,이재명
2016-10-30,61416.0,이재명
2016-10-31,62226.0,이재명
2016-11-01,62780.0,이재명
2016-11-02,63417.0,이재명
2016-11-03,63914.0,이재명
2016-11-04,64540.0,이재명
2016-11-05,65315.0,이재명
2016-11-06,65955.0,이재명
2016-11-07,66518.0,이재명
2016-11-08,66996.0,이재명
2016-11-09,67558.0,이재명
2016-11-10,68223.0,이재명
2016-11-11,68940.0,이재명
2016-11-12,69566.0,이재명
2016-11-13,70236.0,이재명
2016-11-14,70817.0,이재명
2016-11-15,71310.0,이재명
2016-11-16,71856.0,이재명
2016-11-17,72353.0,이재명
2016-11-18,73030.0,이재명
2016-11-19,73373.0,이재명
2016-11-20,74011.0,이재명
2016-11-21,74577.0,이재명
2016-11-22,75059.0,이재명
2016-11-23,75969.0,이재명
2016-11-24,76644.0,이재명
2016-11-25,77163.0,이재명
2016-11-26,77664.0,이재명
2016-11-27,78181.0,이재명
2016-11-28,78686.0,이재명
2016-11-29,79214.0,이재명
2016-11-30,79729.0,이재명
2016-12-01,80779.0,이재명
2016-12-02,82243.0,이재명
2016-12-03,83498.0,이재명
2016-12-04,84727.0,이재명
2016-12-05,85738.0,이재명
2016-12-06,86629.0,이재명
2016-12-07,87197.0,이재명
2016-12-08,88046.0,이재명
2016-12-09,88873.0,이재명
2016-12-10,89041.0,이재명
2016-12-11,90106.0,이재명
2016-12-12,90572.0,이재명
2016-12-13,90970.0,이재명
2016-12-14,91299.0,이재명
2016-12-15,91658.0,이재명
2016-12-16,91933.0,이재명
2016-12-17,92181.0,이재명
2016-12-18,92405.0,이재명
2016-12-19,92707.0,이재명
2016-12-20,93056.0,이재명
2016-12-21,93330.0,이재명
2016-12-22,93423.0,이재명
2016-12-23,93493.0,이재명
2016-12-24,93717.0,이재명
2016-12-25,93844.0,이재명
2016-12-26,93997.0,이재명
2016-12-27,94110.0,이재명
2016-12-28,94217.0,이재명
2016-12-29,94418.0,이재명
2016-12-30,94575.0,이재명
2017-01-01,94888.0,이재명
2017-01-02,95047.0,이재명
2017-01-03,95233.0,이재명
2017-01-04,95380.0,이재명
2017-01-05,95549.0,이재명
2017-01-06,95684.0,이재명
2017-01-07,95849.0,이재명
2017-01-08,95957.0,이재명
2017-01-09,96045.0,이재명
2017-01-10,96116.0,이재명
2017-01-11,96155.0,이재명
2017-01-12,96195.0,이재명
2017-01-13,96259.0,이재명
2017-01-14,96329.0,이재명
2017-01-15,96390.0,이재명
2017-01-16,96386.0,이재명
2017-01-17,96398.0,이재명
2017-01-18,96426.0,이재명
2017-01-19,96482.0,이재명
2017-01-20,96538.0,이재명
2017-01-21,96669.0,이재명
2017-01-22,96761.0,이재명
2017-01-23,96863.0,이재명
2017-01-24,97038.0,이재명
2017-01-25,97145.0,이재명
2017-01-26,97462.0,이재명
2017-01-27,97750.0,이재명
2017-01-28,97913.0,이재명
2017-01-29,98085.0,이재명
2017-01-30,98267.0,이재명
2017-01-31,98478.0,이재명
2017-02-01,98713.0,이재명
2017-02-02,98827.0,이재명
2017-02-03,98909.0,이재명
2017-02-04,98995.0,이재명
2017-02-05,99045.0,이재명
2017-02-06,99104.0,이재명
2017-02-07,99156.0,이재명
2017-02-08,99200.0,이재명
2017-02-09,99241.0,이재명
2017-02-10,99297.0,이재명
2017-02-11,99348.0,이재명
2017-02-12,99407.0,이재명
2017-02-13,99449.0,이재명
2017-02-14,99523.0,이재명
2017-02-15,99704.0,이재명
2017-02-16,99814.0,이재명
2017-02-17,99924.0,이재명
2017-02-18,99999.0,이재명
2017-02-19,100043.0,이재명
2017-02-20,100105.0,이재명
2017-02-21,100164.0,이재명
2017-02-22,100248.0,이재명
2017-02-23,100336.0,이재명
2017-02-24,100403.0,이재명
